Thời gian,Tài khoản,Thiết bị,IP Address
2025-11-16 00:05:21.0,Mai,Windows Desktop,127.0.0.1
2025-11-15 23:47:36.0,Mai,Unknown,127.0.0.1
2025-11-15 23:45:23.0,Mai,Unknown,127.0.0.1
2025-11-15 23:38:00.0,Mai,Unknown,127.0.0.1
2025-11-15 23:34:12.0,Mai,Unknown,127.0.0.1
2025-11-15 23:33:01.0,Mai,Unknown,127.0.0.1
2025-11-15 23:30:11.0,Mai,Unknown,127.0.0.1
2025-11-15 23:27:52.0,Mai,Unknown,127.0.0.1
2025-11-15 23:24:40.0,Mai,Unknown,127.0.0.1
2025-11-15 23:21:42.0,Mai,Unknown,127.0.0.1
2025-11-15 23:20:52.0,Mai,Unknown,127.0.0.1
2025-11-15 23:20:42.0,Mai,Unknown,127.0.0.1
2025-11-15 23:19:17.0,Mai,Unknown,127.0.0.1
2025-11-15 23:19:06.0,Mai,Unknown,127.0.0.1
2025-11-15 20:18:00.0,Mai,Unknown,127.0.0.1
2025-11-15 20:15:38.0,Mai,Unknown,127.0.0.1
2025-11-15 20:15:25.0,Mai,Unknown,127.0.0.1
2025-11-15 19:43:43.0,Mai,Unknown,127.0.0.1
2025-11-15 19:43:30.0,Mai,Unknown,127.0.0.1
2025-11-15 19:40:20.0,Mai,Unknown,127.0.0.1
2025-11-15 19:40:07.0,Mai,Unknown,127.0.0.1
2025-11-15 19:33:34.0,Mai,Unknown,127.0.0.1
2025-11-15 19:05:00.0,Mai,Unknown,127.0.0.1
2025-11-15 18:58:11.0,Mai,Unknown,127.0.0.1
2025-11-15 18:57:19.0,Mai,Unknown,127.0.0.1
2025-11-15 18:52:36.0,Mai,Unknown,127.0.0.1
2025-11-15 18:49:12.0,Mai,Unknown,127.0.0.1
2025-11-15 18:37:56.0,Mai,Unknown,127.0.0.1
2025-10-02 16:22:32.0,Mai,Unknown,127.0.0.1
2025-10-02 16:08:31.0,mai,Unknown,127.0.0.1
2025-10-02 14:08:20.0,Mai,Unknown,127.0.0.1
2025-10-02 14:08:19.0,Mai,Unknown,127.0.0.1
2025-10-02 14:08:18.0,Mai,Unknown,127.0.0.1
2025-09-27 16:46:28.0,Mai,Unknown,127.0.0.1
2025-09-20 11:34:15.0,Mai,Unknown,127.0.0.1
2025-09-20 11:23:15.0,Mai,Unknown,127.0.0.1
2025-09-19 10:45:26.0,Mai,Unknown,127.0.0.1
2025-09-19 08:57:29.0,Mai,Unknown,127.0.0.1
2025-09-19 08:34:07.0,Mai,Unknown,127.0.0.1
2025-09-19 07:35:32.0,Mai,Unknown,127.0.0.1
